{
    "name": "root",
    "gauges": {
        "RollerBall.Policy.Entropy.mean": {
            "value": 0.9643610119819641,
            "min": 0.9643610119819641,
            "max": 1.4110572338104248,
            "count": 34
        },
        "RollerBall.Environment.EpisodeLength.mean": {
            "value": 5.518590998043053,
            "min": 5.353875476493012,
            "max": 15.190938511326861,
            "count": 34
        },
        "RollerBall.Policy.ExtrinsicValueEstimate.mean": {
            "value": 0.9675041437149048,
            "min": 0.5525819063186646,
            "max": 0.9714556336402893,
            "count": 34
        },
        "RollerBall.Environment.CumulativeReward.mean": {
            "value": 0.9895629484670581,
            "min": 0.6077795786061588,
            "max": 0.996757457846952,
            "count": 34
        },
        "RollerBall.Policy.ExtrinsicReward.mean": {
            "value": 0.9895629484670581,
            "min": 0.6077795786061588,
            "max": 0.996757457846952,
            "count": 34
        },
        "RollerBall.Losses.ValueLoss.mean": {
            "value": 0.005456746090203524,
            "min": 0.0020369961857795715,
            "max": 0.130268394947052,
            "count": 34
        },
        "RollerBall.Losses.PolicyLoss.mean": {
            "value": 0.24834619462490082,
            "min": 0.23633666336536407,
            "max": 0.25117775797843933,
            "count": 34
        },
        "RollerBall.Policy.LearningRate.mean": {
            "value": 9.898819553200155e-05,
            "min": 9.898819553200155e-05,
            "max": 0.0002969659981317818,
            "count": 34
        },
        "RollerBall.Policy.Epsilon.mean": {
            "value": 0.13299605250358582,
            "min": 0.13299605250358582,
            "max": 0.198988676071167,
            "count": 34
        },
        "RollerBall.Policy.Beta.mean": {
            "value": 0.00017168062913697213,
            "min": 0.00017168062913697213,
            "max": 0.0004950444563291967,
            "count": 34
        },
        "RollerBall.IsTraining.mean": {
            "value": 1.0,
            "min": 1.0,
            "max": 1.0,
            "count": 34
        }
    },
    "metadata": {
        "timer_format_version": "0.1.0",
        "start_time_seconds": "1601522773",
        "python_version": "3.8.5 (default, Sep  3 2020, 21:29:08) [MSC v.1916 64 bit (AMD64)]",
        "command_line_arguments": "C:\\Users\\Sibel\\anaconda3\\envs\\ml-agents\\Scripts\\mlagents-learn config/rollerball_config.yaml --run-id=RollerBall",
        "mlagents_version": "0.20.0",
        "mlagents_envs_version": "0.20.0",
        "communication_protocol_version": "1.1.0",
        "tensorflow_version": "2.3.1",
        "numpy_version": "1.18.5",
        "end_time_seconds": "1601525850"
    },
    "total": 3077.2103558,
    "count": 1,
    "self": 0.005222799999955896,
    "children": {
        "run_training.setup": {
            "total": 0.010121400000000058,
            "count": 1,
            "self": 0.010121400000000058
        },
        "TrainerController.start_learning": {
            "total": 3077.1950116,
            "count": 1,
            "self": 7.845040299915581,
            "children": {
                "TrainerController._reset_env": {
                    "total": 25.691775800000002,
                    "count": 1,
                    "self": 25.691775800000002
                },
                "TrainerController.advance": {
                    "total": 3042.105194700084,
                    "count": 386375,
                    "self": 3.899707800067972,
                    "children": {
                        "env_step": {
                            "total": 3038.2054869000162,
                            "count": 386375,
                            "self": 2871.438045099945,
                            "children": {
                                "SubprocessEnvManager._take_step": {
                                    "total": 162.44481740005585,
                                    "count": 386375,
                                    "self": 6.32734510005082,
                                    "children": {
                                        "TFPolicy.evaluate": {
                                            "total": 156.11747230000503,
                                            "count": 343346,
                                            "self": 156.11747230000503
                                        }
                                    }
                                },
                                "workers": {
                                    "total": 4.322624400015119,
                                    "count": 386374,
                                    "self": 0.0,
                                    "children": {
                                        "worker_root": {
                                            "total": 3042.714025799873,
                                            "count": 386374,
                                            "is_parallel": true,
                                            "self": 427.986553899922,
                                            "children": {
                                                "steps_from_proto": {
                                                    "total": 0.00021309999999985507,
                                                    "count": 1,
                                                    "is_parallel": true,
                                                    "self": 6.829999999879988e-05,
                                                    "children": {
                                                        "_process_vector_observation": {
                                                            "total": 0.0001448000000010552,
                                                            "count": 2,
                                                            "is_parallel": true,
                                                            "self": 0.0001448000000010552
                                                        }
                                                    }
                                                },
                                                "UnityEnvironment.step": {
                                                    "total": 2614.727258799951,
                                                    "count": 386374,
                                                    "is_parallel": true,
                                                    "self": 20.305395899822088,
                                                    "children": {
                                                        "UnityEnvironment._generate_step_input": {
                                                            "total": 35.41568450004661,
                                                            "count": 386374,
                                                            "is_parallel": true,
                                                            "self": 35.41568450004661
                                                        },
                                                        "communicator.exchange": {
                                                            "total": 2508.296719700054,
                                                            "count": 386374,
                                                            "is_parallel": true,
                                                            "self": 2508.296719700054
                                                        },
                                                        "steps_from_proto": {
                                                            "total": 50.70945870002819,
                                                            "count": 386374,